Name,Region,Review
Freddie Johnson,UK,"From branding to execution, they handled our campaign like true professionals."
Karan Singh,India,CRM integration was seamless and boosted our teamâ€™s productivity by 30%. Great job!
Ritika Patel,India,Their B2B lead gen capabilities helped us tap into new markets quickly and efficiently.
Thomas Anderson,UK,"From branding to execution, they handled our campaign like true professionals."
Amelia Kumar,UK,LaCleo Digital provided excellent service and significantly improved our digital marketing ROI. Highly recommend!
Amelia Brown,UK,Fantastic experience with their customer support and lead generation service. Will work with them again.
Ritika Taylor,India,CRM integration was seamless and boosted our teamâ€™s productivity by 30%. Great job!
Megan Anderson,US,LaCleo Digital provided excellent service and significantly improved our digital marketing ROI. Highly recommend!
Neha White,India,Highly responsive team with solid insights into e-commerce growth. Impressed with the results!
Amit Sharma,India,Fantastic experience with their customer support and lead generation service. Will work with them again.
David Anderson,US,The UX testing and design feedback they offered was invaluable for our product launch.
Thomas Taylor,UK,"From branding to execution, they handled our campaign like true professionals."
Neeraj Singh,India,We saw a marked improvement in engagement and conversions after implementing their marketing automation strategies.
Ira Anderson,India,Their B2B lead gen capabilities helped us tap into new markets quickly and efficiently.
Aishwarya Patel,India,Their B2B lead gen capabilities helped us tap into new markets quickly and efficiently.
Harry Sharma,UK,Top-notch UI/UX review â€“ it helped us reduce churn and improve onboarding.
James Patel,UK,Top-notch UI/UX review â€“ it helped us reduce churn and improve onboarding.
Manoj Brown,India,Highly responsive team with solid insights into e-commerce growth. Impressed with the results!
Oliver Patel,UK,Fantastic experience with their customer support and lead generation service. Will work with them again.
Matthew Anderson,US,Highly responsive team with solid insights into e-commerce growth. Impressed with the results!
Sophie Johnson,UK,Fantastic experience with their customer support and lead generation service. Will work with them again.
Divya Johnson,India,CRM integration was seamless and boosted our teamâ€™s productivity by 30%. Great job!
Ira Singh,India,We saw a marked improvement in engagement and conversions after implementing their marketing automation strategies.
Samantha Smith,US,Top-notch UI/UX review â€“ it helped us reduce churn and improve onboarding.
Aishwarya Johnson,India,LaCleo Digital provided excellent service and significantly improved our digital marketing ROI. Highly recommend!
David Brown,US,CRM integration was seamless and boosted our teamâ€™s productivity by 30%. Great job!
Rajeev Brown,India,We saw a marked improvement in engagement and conversions after implementing their marketing automation strategies.
Oliver Singh,UK,LaCleo Digital provided excellent service and significantly improved our digital marketing ROI. Highly recommend!
Tanvi Sharma,India,Very knowledgeable in digital strategy and tech stack alignment. Great consulting team.
Aishwarya Johnson,India,Highly responsive team with solid insights into e-commerce growth. Impressed with the results!
Jessica Smith,UK,LaCleo Digital provided excellent service and significantly improved our digital marketing ROI. Highly recommend!
Jessica Smith,US,We saw a marked improvement in engagement and conversions after implementing their marketing automation strategies.
Shalini Taylor,India,Top-notch UI/UX review â€“ it helped us reduce churn and improve onboarding.
Charlie Singh,UK,LaCleo Digital provided excellent service and significantly improved our digital marketing ROI. Highly recommend!
David Brown,US,Top-notch UI/UX review â€“ it helped us reduce churn and improve onboarding.
Jessica Johnson,US,Their B2B lead gen capabilities helped us tap into new markets quickly and efficiently.
Brittany Anderson,US,CRM integration was seamless and boosted our teamâ€™s productivity by 30%. Great job!
James Sharma,US,Their B2B lead gen capabilities helped us tap into new markets quickly and efficiently.
Charlie Johnson,UK,"From branding to execution, they handled our campaign like true professionals."
Harry Anderson,UK,Their B2B lead gen capabilities helped us tap into new markets quickly and efficiently.
Karan White,India,Their B2B lead gen capabilities helped us tap into new markets quickly and efficiently.
Andrew Anderson,US,LaCleo Digital provided excellent service and significantly improved our digital marketing ROI. Highly recommend!
Shalini Singh,India,Top-notch UI/UX review â€“ it helped us reduce churn and improve onboarding.
Michael Sharma,US,Highly responsive team with solid insights into e-commerce growth. Impressed with the results!
Joseph Brown,UK,Fantastic experience with their customer support and lead generation service. Will work with them again.
Josh Johnson,US,Top-notch UI/UX review â€“ it helped us reduce churn and improve onboarding.
Freddie Smith,UK,LaCleo Digital provided excellent service and significantly improved our digital marketing ROI. Highly recommend!
Amit Anderson,India,We saw a marked improvement in engagement and conversions after implementing their marketing automation strategies.
Karan White,India,Their B2B lead gen capabilities helped us tap into new markets quickly and efficiently.
Isla White,UK,"From branding to execution, they handled our campaign like true professionals."
Aditya Sharma,India,Top-notch UI/UX review â€“ it helped us reduce churn and improve onboarding.
Karan Kumar,India,Their B2B lead gen capabilities helped us tap into new markets quickly and efficiently.
Brittany White,US,LaCleo Digital provided excellent service and significantly improved our digital marketing ROI. Highly recommend!
Meera Sharma,India,LaCleo Digital provided excellent service and significantly improved our digital marketing ROI. Highly recommend!
Daniel Taylor,US,Very knowledgeable in digital strategy and tech stack alignment. Great consulting team.
Jessica Taylor,US,Highly responsive team with solid insights into e-commerce growth. Impressed with the results!
James Taylor,US,Highly responsive team with solid insights into e-commerce growth. Impressed with the results!
Matthew Brown,US,"From branding to execution, they handled our campaign like true professionals."
George Anderson,UK,CRM integration was seamless and boosted our teamâ€™s productivity by 30%. Great job!
Ankit Singh,India,Highly responsive team with solid insights into e-commerce growth. Impressed with the results!
Neeraj Singh,India,Their B2B lead gen capabilities helped us tap into new markets quickly and efficiently.
Matthew Patel,US,CRM integration was seamless and boosted our teamâ€™s productivity by 30%. Great job!
Tyler Sharma,US,"From branding to execution, they handled our campaign like true professionals."
Grace White,UK,Very knowledgeable in digital strategy and tech stack alignment. Great consulting team.
Charlotte Taylor,UK,Their B2B lead gen capabilities helped us tap into new markets quickly and efficiently.
Jessica White,UK,Highly responsive team with solid insights into e-commerce growth. Impressed with the results!
Amelia White,UK,Highly responsive team with solid insights into e-commerce growth. Impressed with the results!
Tyler Brown,US,We saw a marked improvement in engagement and conversions after implementing their marketing automation strategies.
Tanvi White,India,The UX testing and design feedback they offered was invaluable for our product launch.
James Sharma,UK,"From branding to execution, they handled our campaign like true professionals."
Lauren Sharma,US,We saw a marked improvement in engagement and conversions after implementing their marketing automation strategies.
Neha White,India,Top-notch UI/UX review â€“ it helped us reduce churn and improve onboarding.
Ashley Smith,US,CRM integration was seamless and boosted our teamâ€™s productivity by 30%. Great job!
Ritika Taylor,India,LaCleo Digital provided excellent service and significantly improved our digital marketing ROI. Highly recommend!
John Singh,US,We saw a marked improvement in engagement and conversions after implementing their marketing automation strategies.
Daniel Taylor,UK,Highly responsive team with solid insights into e-commerce growth. Impressed with the results!
Ankit Sharma,India,LaCleo Digital provided excellent service and significantly improved our digital marketing ROI. Highly recommend!
Joseph Singh,UK,"From branding to execution, they handled our campaign like true professionals."
Tyler Taylor,US,LaCleo Digital provided excellent service and significantly improved our digital marketing ROI. Highly recommend!
Emily Sharma,UK,Top-notch UI/UX review â€“ it helped us reduce churn and improve onboarding.
George Taylor,UK,We saw a marked improvement in engagement and conversions after implementing their marketing automation strategies.
Daniel White,UK,"From branding to execution, they handled our campaign like true professionals."
Jessica Sharma,US,Very knowledgeable in digital strategy and tech stack alignment. Great consulting team.
Rajeev Kumar,India,Top-notch UI/UX review â€“ it helped us reduce churn and improve onboarding.
Joseph Kumar,UK,LaCleo Digital provided excellent service and significantly improved our digital marketing ROI. Highly recommend!
Lily White,UK,CRM integration was seamless and boosted our teamâ€™s productivity by 30%. Great job!
Joseph Johnson,UK,The UX testing and design feedback they offered was invaluable for our product launch.
Michael Kumar,US,"From branding to execution, they handled our campaign like true professionals."
Sneha Singh,India,Their B2B lead gen capabilities helped us tap into new markets quickly and efficiently.
Daniel Taylor,UK,Their B2B lead gen capabilities helped us tap into new markets quickly and efficiently.
Jessica Johnson,US,CRM integration was seamless and boosted our teamâ€™s productivity by 30%. Great job!
Karan Taylor,India,Top-notch UI/UX review â€“ it helped us reduce churn and improve onboarding.
Olivia Patel,US,Fantastic experience with their customer support and lead generation service. Will work with them again.
Oliver Smith,UK,Top-notch UI/UX review â€“ it helped us reduce churn and improve onboarding.
Sophie Kumar,UK,LaCleo Digital provided excellent service and significantly improved our digital marketing ROI. Highly recommend!
James Patel,US,"From branding to execution, they handled our campaign like true professionals."
Jessica Taylor,US,Top-notch UI/UX review â€“ it helped us reduce churn and improve onboarding.
Divya Sharma,India,LaCleo Digital provided excellent service and significantly improved our digital marketing ROI. Highly recommend!
Saurav Kumar,India,CRM integration was seamless and boosted our teamâ€™s productivity by 30%. Great job!
Matthew Smith,US,We saw a marked improvement in engagement and conversions after implementing their marketing automation strategies.
